experiment,name,n_features,model,precision,recall,f1,f1_macro,pr_auc,roc_auc
A,A - All features (baseline),12,logistic_regression,0.6666666666666666,1.0,0.8,0.8965357967667437,0.8972222222222223,0.9969418960244649
A,A - All features (baseline),12,decision_tree,1.0,1.0,1.0,1.0,1.0,1.0
A,A - All features (baseline),12,random_forest,1.0,1.0,1.0,1.0,1.0,1.0
A,A - All features (baseline),12,svc,0.75,1.0,0.8571428571428571,0.9262672811059908,0.9761904761904762,0.9992354740061162
B,B - No insolation,11,logistic_regression,0.6666666666666666,1.0,0.8,0.8965357967667437,0.8972222222222223,0.9969418960244649
B,B - No insolation,11,decision_tree,0.6666666666666666,0.6666666666666666,0.6666666666666666,0.8287461773700306,0.45337301587301587,0.8287461773700305
B,B - No insolation,11,random_forest,0.7142857142857143,0.8333333333333334,0.7692307692307693,0.8811671087533157,0.9444444444444444,0.9977064220183486
B,B - No insolation,11,svc,0.75,1.0,0.8571428571428571,0.9262672811059908,0.9761904761904762,0.9992354740061162
C,"C - No insolation, no radius",10,logistic_regression,0.6666666666666666,1.0,0.8,0.8965357967667437,0.8972222222222223,0.9969418960244649
C,"C - No insolation, no radius",10,decision_tree,0.7142857142857143,0.8333333333333334,0.7692307692307693,0.8811671087533157,0.5997023809523809,0.912079510703364
C,"C - No insolation, no radius",10,random_forest,0.7142857142857143,0.8333333333333334,0.7692307692307693,0.8811671087533157,0.9444444444444444,0.9977064220183486
C,"C - No insolation, no radius",10,svc,0.75,1.0,0.8571428571428571,0.9262672811059908,0.9583333333333334,0.9984709480122325
D,D - Atmosphere only,6,logistic_regression,0.6666666666666666,1.0,0.8,0.8965357967667437,0.8634920634920635,0.9954128440366972
D,D - Atmosphere only,6,decision_tree,0.6666666666666666,0.6666666666666666,0.6666666666666666,0.8287461773700306,0.45337301587301587,0.8287461773700305
D,D - Atmosphere only,6,random_forest,0.8333333333333334,0.8333333333333334,0.8333333333333334,0.9143730886850153,0.9583333333333334,0.9984709480122324
D,D - Atmosphere only,6,svc,0.75,1.0,0.8571428571428571,0.9262672811059908,0.9583333333333334,0.9984709480122325
